{
  "train_size": 5577,
  "val_size": 620,
  "test_size": 1450,
  "total_size": 7647,
  "class_distribution_train": {
    "NO": 3206,
    "OO": 1755,
    "OR": 375,
    "OS": 241
  },
  "class_distribution_val": {
    "NO": 356,
    "OO": 195,
    "OR": 42,
    "OS": 27
  },
  "class_distribution_test": {
    "NO": 896,
    "OO": 486,
    "OR": 49,
    "OS": 19
  },
  "avg_text_length_words": {
    "train": 17.173928635467096,
    "val": 17.295161290322582,
    "test": 17.044137931034484
  },
  "devanagari_percentage": {
    "train": 59.60193652501344,
    "val": 60.322580645161295,
    "test": 60.0
  }
}