{
  "cv_mean_f1": 0.4167347121077862,
  "cv_std_f1": 0.02859516747796695,
  "test_f1": 0.4162595837672213,
  "fold_scores": [
    0.36191097440783065,
    0.42525804580043547,
    0.44568523731099285,
    0.4286873432307838,
    0.4221319597888883
  ]
}